id,first_name,last_name,email,gender,ip_address
1,Guthry,Stelfox,gstelfox0@wikimedia.org,Male,207.213.142.210
2,Carlye,Handman,chandman1@friendfeed.com,Female,11.152.213.7
3,Barbee,Shuker,bshuker2@cargocollective.com,Female,100.253.135.185
4,Meggy,Arrandale,marrandale3@sohu.com,Female,111.128.235.100
5,Charlot,Flello,cflello4@live.com,Female,41.170.142.96
6,Tremayne,Yalden,tyalden5@mozilla.com,Male,79.74.205.148
7,Donal,Downe,ddowne6@tripod.com,Male,11.8.15.169
8,Maison,Swatheridge,mswatheridge7@weibo.com,Male,219.97.160.110
9,Ophelie,Bris,obris8@mlb.com,Female,54.43.245.34
10,Jordan,Zemler,jzemler9@sitemeter.com,Male,225.2.158.152
11,Liana,Ondrousek,londrouseka@omniture.com,Non-binary,183.54.255.200
12,Garvin,Armsby,garmsbyb@flickr.com,Male,109.14.100.221
13,Anselma,Hospital,ahospitalc@ftc.gov,Female,221.81.208.126
14,Aldo,Willey,awilleyd@cpanel.net,Male,104.110.20.12
15,Moyra,Eddowis,meddowise@slate.com,Female,66.55.252.251
16,Flem,Defau,fdefauf@dell.com,Male,49.202.212.139
17,Shellysheldon,Farlow,sfarlowg@theatlantic.com,Male,168.1.1.61
18,Maddie,Bailie,mbailieh@dailymotion.com,Female,202.131.100.179
19,Humphrey,Gaynsford,hgaynsfordi@oakley.com,Male,128.131.177.24
20,Merralee,Josifovic,mjosifovicj@telegraph.co.uk,Female,223.201.140.3
21,Tony,Washtell,twashtellk@yahoo.co.jp,Agender,189.169.243.154
22,Joni,Caudrey,jcaudreyl@mlb.com,Female,205.202.232.156
23,Blithe,Chinge de Hals,bchingedehalsm@usda.gov,Female,59.162.120.88
24,Robyn,Passby,rpassbyn@hao123.com,Female,21.96.125.83
25,Melvyn,Buxton,mbuxtono@drupal.org,Male,102.52.62.154
26,Salvador,Duiged,sduigedp@wordpress.org,Male,7.64.1.96
27,Adena,Allgood,aallgoodq@google.pl,Female,255.170.15.116
28,Angele,Mostyn,amostynr@merriam-webster.com,Female,252.194.243.19
29,Kenyon,Yashnov,kyashnovs@omniture.com,Male,211.28.166.129
30,Jordan,Scoggans,jscogganst@surveymonkey.com,Agender,132.223.153.51
31,Ferrell,Hubbins,fhubbinsu@paginegialle.it,Male,141.13.69.186
32,Jeremie,Phipp,jphippv@4shared.com,Male,173.236.6.218
33,Lolly,Dalziell,ldalziellw@amazon.co.uk,Female,7.226.105.144
34,Kerry,Venner,kvennerx@europa.eu,Male,104.108.107.24
35,Christos,Castellucci,ccastellucciy@goo.gl,Male,70.140.155.60
36,Salvidor,Housego,shousegoz@google.it,Male,208.197.93.39
37,Novelia,Bloggett,nbloggett10@wired.com,Female,56.36.169.217
38,Morissa,Richard,mrichard11@hubpages.com,Female,131.211.161.55
39,Leontyne,Wayne,lwayne12@google.com.au,Female,92.237.150.27
40,Franky,Wemes,fwemes13@java.com,Male,174.51.47.140
41,Borden,Morphew,bmorphew14@odnoklassniki.ru,Male,103.104.199.81
42,Darlleen,Kerswell,dkerswell15@hud.gov,Female,1.102.47.88
43,Petr,Duigenan,pduigenan16@ucoz.ru,Male,222.59.111.17
44,Wait,Hayle,whayle17@instagram.com,Male,113.113.27.168
45,Tam,Kinge,tkinge18@epa.gov,Male,64.207.175.125
46,Marta,Penney,mpenney19@linkedin.com,Female,238.188.167.241
47,Prescott,Hinkens,phinkens1a@ibm.com,Male,209.224.140.181
48,Stevy,Storks,sstorks1b@devhub.com,Male,52.252.29.113
49,Sammy,Audiss,saudiss1c@soup.io,Female,130.30.79.60
50,Mattie,Yerrall,myerrall1d@hatena.ne.jp,Female,142.247.66.44
51,Elsworth,Bortoloni,ebortoloni1e@webmd.com,Male,4.17.37.176
52,Werner,Brashier,wbrashier1f@studiopress.com,Male,252.162.97.166
53,Kristyn,Cawood,kcawood1g@cloudflare.com,Female,176.98.234.219
54,Mallissa,Smalls,msmalls1h@csmonitor.com,Female,160.228.200.75
55,Jaye,Flemming,jflemming1i@adobe.com,Male,232.37.212.42
56,Paxon,Jedrzejewsky,pjedrzejewsky1j@fastcompany.com,Male,253.1.232.67
57,Dal,Ibeson,dibeson1k@chron.com,Male,104.151.25.84
58,Lon,Andersson,landersson1l@360.cn,Male,39.114.30.150
59,Antons,Ivashnyov,aivashnyov1m@issuu.com,Male,133.131.133.60
60,Cece,O'Shirine,coshirine1n@tmall.com,Male,8.116.57.68
61,Gaylene,Wingate,gwingate1o@paginegialle.it,Female,227.67.52.23
62,Minette,Rose,mrose1p@xrea.com,Female,153.200.210.50
63,Judie,Hillitt,jhillitt1q@mysql.com,Female,192.227.5.118
64,Cammy,Verdy,cverdy1r@over-blog.com,Male,88.55.205.128
65,Dorelia,Stair,dstair1s@ucsd.edu,Female,210.102.224.212
66,Carmencita,Claydon,cclaydon1t@sbwire.com,Female,55.213.116.245
67,Mame,Petran,mpetran1u@ted.com,Female,187.133.41.198
68,Iormina,Marikhin,imarikhin1v@trellian.com,Female,135.124.184.56
69,Jethro,Quartermaine,jquartermaine1w@cdbaby.com,Male,225.224.224.67
70,Lyda,Foxley,lfoxley1x@godaddy.com,Female,176.55.233.160
71,Sharyl,Bilyard,sbilyard1y@guardian.co.uk,Female,90.12.140.172
72,Corny,Guyver,cguyver1z@adobe.com,Male,223.150.184.233
73,Ozzy,Campos,ocampos20@reuters.com,Male,165.113.158.73
74,Barth,Bramble,bbramble21@cbc.ca,Male,61.119.107.213
75,Marika,Spellesy,mspellesy22@google.it,Female,224.239.152.18
76,Eloisa,Arnson,earnson23@bravesites.com,Female,160.209.204.243
77,Noam,Beney,nbeney24@walmart.com,Male,32.201.252.116
78,Justen,Belli,jbelli25@simplemachines.org,Male,18.81.170.249
79,Kipp,Rosterne,krosterne26@godaddy.com,Female,91.87.170.74
80,Jere,Larroway,jlarroway27@google.nl,Male,240.32.59.73
81,Elli,Wiggam,ewiggam28@is.gd,Female,202.220.141.139
82,Kissee,Brehat,kbrehat29@youtube.com,Female,74.18.180.40
83,Jamaal,Shmyr,jshmyr2a@jigsy.com,Male,149.123.16.101
84,Joela,Prangle,jprangle2b@google.com,Female,63.124.232.51
85,Bradley,Heddan,bheddan2c@51.la,Agender,179.10.70.62
86,Clare,Chrispin,cchrispin2d@archive.org,Female,111.21.203.138
87,Harriett,Downie,hdownie2e@godaddy.com,Female,67.165.71.24
88,Albie,Chataignier,achataignier2f@bravesites.com,Male,214.211.180.223
89,Charlena,Cardew,ccardew2g@princeton.edu,Agender,143.27.248.82
90,Celinka,Mohan,cmohan2h@surveymonkey.com,Female,215.174.253.32
91,Quill,Eaglesham,qeaglesham2i@usgs.gov,Male,169.95.220.73
92,Lester,Treffry,ltreffry2j@github.io,Male,169.78.218.72
93,Bran,Ginie,bginie2k@uiuc.edu,Male,73.177.83.25
94,Milicent,Snook,msnook2l@dell.com,Female,101.152.125.15
95,Hendrick,Tyt,htyt2m@ihg.com,Male,228.155.118.139
96,Sumner,Roberts,sroberts2n@umn.edu,Male,33.73.113.217
97,Rene,Loveguard,rloveguard2o@de.vu,Female,146.115.13.6
98,Marylinda,Kleanthous,mkleanthous2p@tuttocitta.it,Female,132.114.72.20
99,Kiele,Bewshire,kbewshire2q@chron.com,Female,235.239.144.250
100,Larina,Queree,lqueree2r@cdc.gov,Female,116.44.247.244
101,Janel,Brogden,jbrogden2s@usnews.com,Female,117.165.134.194
102,Noble,Johananoff,njohananoff2t@fastcompany.com,Male,44.46.199.189
103,Evin,Eakens,eeakens2u@miitbeian.gov.cn,Male,56.211.164.207
104,Welsh,Sibbons,wsibbons2v@multiply.com,Male,73.56.166.163
105,Nikoletta,Paramor,nparamor2w@slideshare.net,Female,0.98.129.60
106,Colin,Fortye,cfortye2x@google.de,Male,34.203.226.54
107,Ringo,Greenham,rgreenham2y@flickr.com,Male,173.43.182.71
108,Emilia,Marzello,emarzello2z@nih.gov,Female,17.18.214.154
109,Lisette,Eastes,leastes30@berkeley.edu,Female,166.224.149.105
110,Padgett,Delwater,pdelwater31@tinyurl.com,Male,43.116.105.66
111,Arvy,Randle,arandle32@comsenz.com,Male,189.74.153.174
112,Sterling,Dikelin,sdikelin33@sun.com,Non-binary,179.216.107.147
113,Sondra,Hubble,shubble34@fda.gov,Female,75.42.40.27
114,Iggy,Calleja,icalleja35@dropbox.com,Male,7.60.27.215
115,Jacquette,Britney,jbritney36@a8.net,Genderfluid,142.204.52.41
116,Sara-ann,Roddick,sroddick37@blogger.com,Female,121.76.200.14
117,Leoline,Gwilt,lgwilt38@angelfire.com,Female,140.196.178.192
118,Lora,Dyshart,ldyshart39@odnoklassniki.ru,Female,142.228.212.50
119,Doyle,Vicary,dvicary3a@google.pl,Male,161.227.244.91
120,Roseline,Rugieri,rrugieri3b@jugem.jp,Female,149.36.95.156
121,Bethena,Rickerby,brickerby3c@google.it,Female,112.75.238.71
122,Valina,Szepe,vszepe3d@reuters.com,Female,71.83.198.173
123,Hadley,Condit,hcondit3e@techcrunch.com,Male,177.129.78.92
124,Britte,Riggey,briggey3f@taobao.com,Female,42.84.136.53
125,Brook,Drewet,bdrewet3g@cnbc.com,Female,177.162.218.238
126,Luca,Wadesworth,lwadesworth3h@dot.gov,Male,45.100.131.149
127,Lil,Shillaber,lshillaber3i@goodreads.com,Female,134.38.123.191
128,Thaine,Wisby,twisby3j@vinaora.com,Male,90.255.59.6
129,Demott,Glasser,dglasser3k@nymag.com,Male,55.81.9.164
130,Isidro,Waistall,iwaistall3l@soundcloud.com,Male,235.243.187.245
131,Torrance,Baudins,tbaudins3m@posterous.com,Male,88.107.253.129
132,Wolfy,Screwton,wscrewton3n@about.me,Male,77.77.63.151
133,Willem,Mac,wmac3o@forbes.com,Agender,111.117.101.19
134,Cole,Brea,cbrea3p@mashable.com,Genderfluid,236.217.248.194
135,Cati,Baldazzi,cbaldazzi3q@youtu.be,Non-binary,101.255.205.0
136,Kerrill,Meeus,kmeeus3r@epa.gov,Female,150.107.76.186
137,Ingram,Digweed,idigweed3s@unc.edu,Male,234.107.75.229
138,Samaria,Rabley,srabley3t@bandcamp.com,Female,111.71.45.13
139,Tootsie,Ianelli,tianelli3u@mail.ru,Female,203.163.79.8
140,Yule,Gantzman,ygantzman3v@ed.gov,Male,2.94.7.194
141,Brendin,Iacovielli,biacovielli3w@constantcontact.com,Male,63.28.105.191
142,Ruthi,Stallan,rstallan3x@usatoday.com,Female,15.188.114.162
143,Selle,Stife,sstife3y@arstechnica.com,Female,239.242.18.233
144,Sky,Machent,smachent3z@noaa.gov,Male,115.243.11.35
145,Noreen,Annatt,nannatt40@yolasite.com,Female,138.59.69.90
146,Cornell,Goeff,cgoeff41@amazon.com,Male,31.94.220.38
147,Myrle,Pratton,mpratton42@mail.ru,Female,251.221.221.45
148,Marietta,Wardrope,mwardrope43@etsy.com,Male,98.120.115.162
149,Osborn,Marquis,omarquis44@opera.com,Male,158.252.189.191
150,Early,Capenor,ecapenor45@google.nl,Male,225.27.190.235
151,Ignaz,D'Alesco,idalesco46@opensource.org,Non-binary,183.234.107.125
152,Joachim,Trimming,jtrimming47@csmonitor.com,Male,219.143.29.218
153,Phillie,Mourant,pmourant48@tuttocitta.it,Female,119.131.186.164
154,Burlie,Rays,brays49@cbc.ca,Male,152.82.132.34
155,Dougie,Snowling,dsnowling4a@rambler.ru,Male,149.220.63.100
156,Gerick,Ketteringham,gketteringham4b@sun.com,Male,251.145.134.243
157,Tana,Ramlot,tramlot4c@nymag.com,Female,121.224.76.216
158,Reinwald,Olczyk,rolczyk4d@feedburner.com,Male,158.236.89.163
159,Moishe,Gurwood,mgurwood4e@washingtonpost.com,Genderfluid,187.12.96.73
160,Billie,Slavin,bslavin4f@loc.gov,Agender,233.79.96.55
161,Omero,Rickaert,orickaert4g@w3.org,Male,233.229.190.168
162,Dora,Maides,dmaides4h@simplemachines.org,Female,92.244.89.138
163,Antonio,Jeffrey,ajeffrey4i@nyu.edu,Male,154.166.73.82
164,Rossie,Toombes,rtoombes4j@naver.com,Male,54.255.63.216
165,Paulita,Ondracek,pondracek4k@ocn.ne.jp,Female,119.72.150.142
166,Sashenka,Bransby,sbransby4l@shareasale.com,Female,85.65.81.209
167,Abel,Grishagin,agrishagin4m@posterous.com,Male,15.232.187.251
168,Claudian,Muris,cmuris4n@joomla.org,Male,133.36.54.141
169,Petey,Mulderrig,pmulderrig4o@51.la,Male,180.187.39.25
170,Felice,Giffon,fgiffon4p@cargocollective.com,Male,86.4.55.4
171,Maryellen,Stables,mstables4q@europa.eu,Female,126.139.207.83
172,Arnoldo,Clementucci,aclementucci4r@cbc.ca,Male,228.116.153.100
173,Darnell,Rosenbarg,drosenbarg4s@foxnews.com,Male,222.54.200.166
174,Hedwig,Schwander,hschwander4t@wp.com,Polygender,35.44.9.34
175,Leonora,Heddon,lheddon4u@loc.gov,Female,191.99.190.184
176,Sherman,Yashanov,syashanov4v@joomla.org,Male,107.107.197.185
177,Meier,Bletsor,mbletsor4w@t.co,Male,166.71.58.114
178,Jessie,Ailsbury,jailsbury4x@java.com,Female,200.191.36.90
179,Ange,Sonier,asonier4y@hp.com,Female,115.224.155.219
180,Pearce,Donovin,pdonovin4z@cbc.ca,Male,0.39.239.154
181,Padriac,Swanger,pswanger50@deviantart.com,Male,213.0.230.158
182,Don,Behan,dbehan51@google.co.jp,Male,73.97.166.42
183,Brigg,McWhinnie,bmcwhinnie52@stanford.edu,Genderqueer,90.194.190.94
184,Peg,Hamley,phamley53@ted.com,Polygender,130.26.227.3
185,Truda,Lezemere,tlezemere54@cnbc.com,Female,195.225.42.215
186,Hunfredo,Handscomb,hhandscomb55@mail.ru,Male,70.182.126.241
187,Annemarie,Vescovini,avescovini56@reference.com,Female,158.169.86.91
188,Dag,Tarzey,dtarzey57@dyndns.org,Male,239.22.244.37
189,Ailsun,Tubby,atubby58@addtoany.com,Female,160.117.52.63
190,Gerrie,Barz,gbarz59@facebook.com,Female,176.82.188.77
191,Huberto,Aylen,haylen5a@slideshare.net,Male,28.175.49.221
192,Ludovico,Meco,lmeco5b@cnn.com,Male,32.136.161.209
193,Claresta,Dockrell,cdockrell5c@census.gov,Genderfluid,16.15.139.174
194,Curry,Barling,cbarling5d@umn.edu,Male,234.21.0.109
195,Cori,Furze,cfurze5e@soup.io,Female,240.91.68.20
196,Fenelia,Gettings,fgettings5f@freewebs.com,Polygender,226.54.252.122
197,Gregorius,Manach,gmanach5g@oracle.com,Male,27.195.79.142
198,Francisca,O'Currine,focurrine5h@joomla.org,Female,25.81.61.156
199,Sammie,Gatheridge,sgatheridge5i@usnews.com,Male,60.26.6.186
200,Christopher,Gowers,cgowers5j@nyu.edu,Male,234.78.87.130
201,Sharleen,Toohey,stoohey5k@netscape.com,Female,128.245.118.173
202,Tobe,Lundbech,tlundbech5l@blogtalkradio.com,Male,181.71.175.160
203,Cinderella,Fossitt,cfossitt5m@flavors.me,Female,54.171.202.51
204,Etienne,Bleckly,ebleckly5n@apache.org,Genderfluid,139.227.192.231
205,Fons,Freed,ffreed5o@hao123.com,Male,206.124.242.30
206,Leonard,Hodgin,lhodgin5p@php.net,Male,130.234.62.249
207,Logan,Tomasi,ltomasi5q@parallels.com,Male,14.105.238.135
208,Ceciley,Ivanuschka,civanuschka5r@oracle.com,Female,4.91.135.63
209,Aeriel,Wolver,awolver5s@mashable.com,Female,112.195.110.239
210,Carolyne,Teliga,cteliga5t@cyberchimps.com,Female,104.136.222.55
211,Sebastian,Folke,sfolke5u@pagesperso-orange.fr,Male,108.47.60.204
212,Douglas,Binnie,dbinnie5v@youtube.com,Male,166.112.52.172
213,Edee,Findon,efindon5w@ask.com,Female,183.193.229.46
214,Wallace,Edgar,wedgar5x@ca.gov,Polygender,107.180.236.244
215,Reeva,Welds,rwelds5y@shinystat.com,Female,51.220.187.37
216,Hestia,Harmston,hharmston5z@photobucket.com,Female,160.13.4.73
217,Amber,Byneth,abyneth60@icio.us,Female,150.30.59.167
218,Constantina,Meeron,cmeeron61@miibeian.gov.cn,Female,213.159.95.181
219,Carly,Labes,clabes62@clickbank.net,Female,93.202.51.172
220,Benny,Pietrzak,bpietrzak63@newsvine.com,Male,44.99.49.77
221,Merle,Swenson,mswenson64@prlog.org,Male,186.42.42.227
222,Jo ann,Axell,jaxell65@yahoo.com,Female,95.249.81.180
223,Wynny,Dunkerk,wdunkerk66@wordpress.com,Female,121.146.65.62
224,Debby,Lofts,dlofts67@ftc.gov,Agender,209.138.132.115
225,Ofelia,Zmitrichenko,ozmitrichenko68@livejournal.com,Female,178.215.126.100
226,Ferrel,Tembey,ftembey69@sourceforge.net,Male,204.70.105.247
227,Julie,Mark,jmark6a@sphinn.com,Male,46.226.223.219
228,Aime,Whiston,awhiston6b@nifty.com,Female,145.239.141.13
229,Lowrance,Possel,lpossel6c@behance.net,Male,99.234.11.69
230,Dale,Everist,deverist6d@pcworld.com,Female,136.205.101.92
231,May,Kenewel,mkenewel6e@alibaba.com,Female,214.3.132.153
232,Dorena,Barthelmes,dbarthelmes6f@pagesperso-orange.fr,Female,33.106.33.30
233,Hertha,Sagg,hsagg6g@adobe.com,Genderqueer,19.145.32.33
234,Marmaduke,Cunningham,mcunningham6h@pen.io,Male,73.89.86.255
235,Alexis,Abotson,aabotson6i@java.com,Male,204.125.52.33
236,Andee,Hindmore,ahindmore6j@altervista.org,Polygender,94.253.30.251
237,Donelle,Gommery,dgommery6k@ucla.edu,Female,125.141.71.209
238,Sax,Regus,sregus6l@themeforest.net,Non-binary,250.100.0.72
239,Vite,Melluish,vmelluish6m@mail.ru,Male,141.115.160.6
240,Elsbeth,Braycotton,ebraycotton6n@infoseek.co.jp,Female,9.186.182.83
241,Ruttger,Ashlin,rashlin6o@google.fr,Male,226.17.74.25
242,Zola,Binge,zbinge6p@wp.com,Female,98.21.189.125
243,Ivette,Goodison,igoodison6q@whitehouse.gov,Female,137.113.104.118
244,Farlee,Dash,fdash6r@elegantthemes.com,Male,65.174.217.147
245,Evaleen,Battin,ebattin6s@bigcartel.com,Female,120.24.219.133
246,Winonah,Lutas,wlutas6t@nymag.com,Female,1.193.67.46
247,Pren,Walworth,pwalworth6u@dedecms.com,Male,81.163.135.3
248,Madonna,Anstead,manstead6v@symantec.com,Female,86.62.17.27
249,Ondrea,Sill,osill6w@cbc.ca,Female,238.43.10.109
250,Calypso,Gunson,cgunson6x@virginia.edu,Non-binary,59.3.45.11
251,Maryl,Van,mvan6y@github.io,Female,217.147.228.252
252,Lynn,Strainge,lstrainge6z@fema.gov,Male,164.232.58.69
253,Benetta,Dowell,bdowell70@unesco.org,Female,59.189.0.67
254,Alexia,Synder,asynder71@jigsy.com,Bigender,126.244.122.10
255,Brodie,Chalcroft,bchalcroft72@4shared.com,Male,173.187.187.33
256,Catherina,Biaggioni,cbiaggioni73@printfriendly.com,Female,175.145.157.193
257,Cassandra,Jankovic,cjankovic74@europa.eu,Female,30.208.0.174
258,Kit,Cochrane,kcochrane75@msu.edu,Female,194.216.1.99
259,Cletis,Peddie,cpeddie76@artisteer.com,Non-binary,250.95.148.198
260,Kane,Benbrick,kbenbrick77@bbb.org,Male,243.221.12.145
261,Rodolph,Plenderleith,rplenderleith78@t.co,Male,248.142.67.88
262,Goddart,Maloney,gmaloney79@tumblr.com,Male,245.235.0.134
263,Jareb,Feldbau,jfeldbau7a@odnoklassniki.ru,Male,139.120.189.134
264,Vinni,Bramham,vbramham7b@weibo.com,Female,141.184.75.122
265,Donetta,Howard - Gater,dhowardgater7c@mapy.cz,Female,147.169.51.144
266,Merrilee,Corrado,mcorrado7d@boston.com,Genderfluid,94.181.225.229
267,Etienne,Sant,esant7e@com.com,Male,18.143.130.108
268,Babara,Haslam,bhaslam7f@huffingtonpost.com,Female,228.148.106.72
269,Frannie,Fehely,ffehely7g@sogou.com,Non-binary,29.254.47.228
270,Georgeanne,Feehely,gfeehely7h@amazon.com,Female,33.71.228.152
271,Teodor,Wyllis,twyllis7i@ovh.net,Male,188.39.101.248
272,Bruno,Hengoed,bhengoed7j@about.com,Male,5.66.24.229
273,Manya,McCrillis,mmccrillis7k@wikispaces.com,Female,38.96.87.67
274,Meridith,Cheshire,mcheshire7l@edublogs.org,Female,109.144.235.200
275,Kassey,Sherar,ksherar7m@aboutads.info,Female,125.9.77.22
276,Devin,De Simone,ddesimone7n@cnn.com,Male,5.249.83.146
277,Nikolaus,Gritten,ngritten7o@ask.com,Male,246.109.10.121
278,Glynda,O'Hannigan,gohannigan7p@indiegogo.com,Female,8.229.59.58
279,Darrel,Titterell,dtitterell7q@statcounter.com,Male,251.77.68.152
280,Terrence,Segar,tsegar7r@archive.org,Male,115.64.165.197
281,Agosto,Skain,askain7s@i2i.jp,Male,148.73.66.138
282,Prentiss,Bartol,pbartol7t@over-blog.com,Male,137.241.10.243
283,Tremayne,Goldby,tgoldby7u@ycombinator.com,Male,70.98.107.183
284,Vicky,de Juares,vdejuares7v@dion.ne.jp,Female,179.173.114.45
285,Archibold,Millom,amillom7w@shutterfly.com,Male,140.114.161.22
286,Asa,Sprigings,asprigings7x@cnbc.com,Male,91.234.105.247
287,Desiri,Hebbs,dhebbs7y@hp.com,Female,130.70.74.29
288,Juanita,Merkel,jmerkel7z@51.la,Female,2.229.145.247
289,Adolphe,Hassekl,ahassekl80@about.me,Male,217.100.194.184
290,Malory,Laban,mlaban81@google.co.jp,Female,12.33.65.51
291,Flynn,MacKimmie,fmackimmie82@cloudflare.com,Male,58.246.177.74
292,Billie,Salthouse,bsalthouse83@tiny.cc,Female,190.210.165.48
293,Fidel,Melarkey,fmelarkey84@wordpress.com,Agender,32.217.210.79
294,Merlina,Petrozzi,mpetrozzi85@statcounter.com,Female,238.124.49.157
295,Joyann,Rawstorne,jrawstorne86@storify.com,Female,29.206.100.11
296,Anitra,Russam,arussam87@barnesandnoble.com,Female,138.180.11.236
297,Homerus,Acres,hacres88@qq.com,Male,115.218.119.138
298,Hildagard,Colbourn,hcolbourn89@vkontakte.ru,Female,28.89.78.169
299,Rosie,Allsworth,rallsworth8a@usda.gov,Female,150.225.236.89
300,Brena,East,beast8b@fastcompany.com,Female,191.126.235.72
301,Carter,Kirkbright,ckirkbright8c@reuters.com,Male,84.57.40.9
302,Wain,Belli,wbelli8d@si.edu,Male,191.167.65.189
303,Modesta,Hamlen,mhamlen8e@home.pl,Genderfluid,40.134.148.185
304,Cullen,Wyld,cwyld8f@ca.gov,Male,114.198.105.55
305,Margalit,Routh,mrouth8g@com.com,Female,233.72.94.64
306,Benjie,Jentgens,bjentgens8h@auda.org.au,Male,49.132.244.56
307,Schuyler,Hendrik,shendrik8i@ca.gov,Male,242.160.108.192
308,Reta,Poletto,rpoletto8j@google.com,Female,99.86.123.253
309,Anjela,Habeshaw,ahabeshaw8k@ed.gov,Female,225.188.168.2
310,Nicol,Roundtree,nroundtree8l@canalblog.com,Female,46.166.210.15
311,Dana,Asquez,dasquez8m@wsj.com,Male,224.104.152.72
312,Josee,Eckels,jeckels8n@skype.com,Female,35.116.184.7
313,Jedd,Gaitskill,jgaitskill8o@pen.io,Male,186.53.230.99
314,Paulie,Maypole,pmaypole8p@dailymotion.com,Male,43.161.177.111
315,Merrili,Collman,mcollman8q@nih.gov,Female,154.178.83.148
316,Cecilio,Butt Gow,cbuttgow8r@cnn.com,Male,111.247.154.185
317,Joyce,Mocher,jmocher8s@noaa.gov,Female,208.121.60.140
318,Pedro,Orgen,porgen8t@yahoo.com,Male,177.238.37.14
319,Delcine,Guillond,dguillond8u@constantcontact.com,Female,94.174.204.113
320,Welbie,Hawford,whawford8v@ox.ac.uk,Genderfluid,211.157.143.109
321,Enrico,Matkovic,ematkovic8w@mapquest.com,Male,233.205.158.69
322,Sergeant,Gilder,sgilder8x@europa.eu,Male,183.68.73.120
323,Arte,Woodnutt,awoodnutt8y@hatena.ne.jp,Male,217.139.158.119
324,Cyndie,Wilsdon,cwilsdon8z@paypal.com,Female,82.147.109.216
325,Fonz,Leagas,fleagas90@wix.com,Male,140.214.78.199
326,Thor,Mayling,tmayling91@go.com,Agender,192.167.118.179
327,Jodie,Vanyard,jvanyard92@istockphoto.com,Agender,56.62.1.52
328,Davey,Grishanin,dgrishanin93@tuttocitta.it,Genderqueer,178.149.68.202
329,Ellery,Lightfoot,elightfoot94@about.me,Male,49.239.205.144
330,Nerty,Donahue,ndonahue95@sun.com,Female,224.100.60.213
331,Francisco,Mendez,fmendez96@cnn.com,Male,24.33.69.164
332,Allister,Vockings,avockings97@intel.com,Male,79.236.139.172
333,Thibaut,Biss,tbiss98@intel.com,Male,112.247.69.159
334,Costanza,Brimmacombe,cbrimmacombe99@diigo.com,Female,184.252.24.42
335,Vina,McCorkell,vmccorkell9a@paginegialle.it,Female,208.2.191.245
336,Lee,Camp,lcamp9b@csmonitor.com,Male,147.137.195.109
337,Ruthie,Jolly,rjolly9c@360.cn,Female,210.8.109.149
338,Aubry,McConnal,amcconnal9d@hc360.com,Polygender,225.50.92.4
339,Verina,Doeg,vdoeg9e@skype.com,Female,147.142.74.237
340,Hussein,Henri,hhenri9f@huffingtonpost.com,Male,255.105.22.230
341,Wynny,La Grange,wlagrange9g@sogou.com,Female,240.25.59.112
342,Letisha,Grenville,lgrenville9h@illinois.edu,Female,80.124.227.224
343,Myrtle,Denisevich,mdenisevich9i@dedecms.com,Female,167.74.178.179
344,Cirilo,Skelton,cskelton9j@yahoo.com,Male,113.152.66.215
345,Eda,Dennis,edennis9k@ed.gov,Female,143.53.157.26
346,Quincy,Lampen,qlampen9l@ehow.com,Male,231.184.179.49
347,Gus,Loyd,gloyd9m@surveymonkey.com,Female,29.207.94.117
348,Jacques,Medling,jmedling9n@nbcnews.com,Male,213.196.201.62
349,Vale,Rigts,vrigts9o@npr.org,Male,229.49.216.77
350,Fabe,Iwanowski,fiwanowski9p@buzzfeed.com,Male,159.122.116.43
351,Nissy,Paskell,npaskell9q@xing.com,Female,41.73.149.60
352,Harlan,Cottrill,hcottrill9r@abc.net.au,Male,242.85.164.198
353,Blayne,Haysman,bhaysman9s@bigcartel.com,Male,146.205.189.156
354,Halsey,O'Sheeryne,hosheeryne9t@mayoclinic.com,Male,4.92.77.59
355,Veda,Sare,vsare9u@123-reg.co.uk,Genderqueer,204.112.136.142
356,Feliks,Costin,fcostin9v@aol.com,Male,245.76.155.205
357,Fredericka,Letessier,fletessier9w@spotify.com,Female,42.140.114.104
358,Sylvia,Sharplin,ssharplin9x@pen.io,Female,16.212.43.108
359,Koren,Cowden,kcowden9y@infoseek.co.jp,Female,219.238.113.196
360,Gabi,Stollenbeck,gstollenbeck9z@nationalgeographic.com,Male,88.128.216.30
361,Sally,Passe,spassea0@typepad.com,Female,229.9.169.15
362,Tait,Sent,tsenta1@nba.com,Male,190.220.205.251
363,Alley,Craighill,acraighilla2@google.co.uk,Male,239.137.172.74
364,Hi,Carlyon,hcarlyona3@macromedia.com,Male,24.112.214.124
365,Harley,Phippen,hphippena4@jimdo.com,Female,139.31.126.179
366,Thorin,Dillestone,tdillestonea5@intel.com,Genderfluid,212.146.40.99
367,Bernita,Stembridge,bstembridgea6@dailymotion.com,Bigender,50.249.42.118
368,Kermit,Keeffe,kkeeffea7@wiley.com,Male,13.45.73.225
369,Wilton,Macoun,wmacouna8@dyndns.org,Male,99.227.254.121
370,Enos,Doctor,edoctora9@buzzfeed.com,Male,20.209.200.255
371,Darrick,Sissland,dsisslandaa@imageshack.us,Male,75.62.43.136
372,Ettie,Hourihane,ehourihaneab@about.me,Female,140.20.119.168
373,Sonny,Overthrow,soverthrowac@webs.com,Male,151.54.71.146
374,Rustin,Mattson,rmattsonad@last.fm,Male,56.237.74.66
375,Winthrop,Tocher,wtocherae@wunderground.com,Male,103.216.97.188
376,Orland,McKevany,omckevanyaf@google.ru,Male,219.106.102.65
377,Ursola,Grabb,ugrabbag@mac.com,Female,20.70.60.69
378,Bartel,Girling,bgirlingah@prlog.org,Genderfluid,44.141.121.82
379,Percival,Elgie,pelgieai@jimdo.com,Male,155.78.161.186
380,Jim,Martinec,jmartinecaj@wikipedia.org,Male,215.190.96.240
381,Dalli,Vickors,dvickorsak@shutterfly.com,Male,204.57.71.206
382,Zared,Battison,zbattisonal@free.fr,Male,34.104.159.32
383,Alick,Liveley,aliveleyam@ow.ly,Male,171.79.233.117
384,Marrilee,Krzyzanowski,mkrzyzanowskian@biglobe.ne.jp,Non-binary,163.163.122.228
385,Lamar,Chanson,lchansonao@canalblog.com,Male,146.18.48.210
386,Kort,Falkous,kfalkousap@domainmarket.com,Male,213.3.50.248
387,Lanna,Willers,lwillersaq@mapquest.com,Female,186.217.22.231
388,Terrel,Bucknall,tbucknallar@cyberchimps.com,Male,46.128.68.91
389,Rey,Caush,rcaushas@flickr.com,Female,90.53.14.46
390,Neall,Mackness,nmacknessat@free.fr,Male,123.99.225.142
391,Lurline,Giffkins,lgiffkinsau@furl.net,Female,155.5.60.122
392,Grannie,Ragge,graggeav@quantcast.com,Male,79.247.243.69
393,Lyman,Revie,lrevieaw@fc2.com,Male,205.207.86.167
394,Zenia,Burlingham,zburlinghamax@arstechnica.com,Female,216.93.79.147
395,Drusi,Pinckstone,dpinckstoneay@tmall.com,Female,209.18.46.135
396,Fernando,Funcheon,ffuncheonaz@etsy.com,Agender,47.83.134.25
397,Darren,Slocombe,dslocombeb0@nps.gov,Male,138.195.66.104
398,Winnifred,Konertz,wkonertzb1@ibm.com,Female,18.105.155.103
399,Raoul,Dives,rdivesb2@histats.com,Male,217.48.18.149
400,Valentine,Dericot,vdericotb3@cbslocal.com,Genderfluid,184.143.44.142
401,Torr,Stopford,tstopfordb4@trellian.com,Male,210.12.170.126
402,Alleen,Furphy,afurphyb5@studiopress.com,Female,53.180.106.149
403,Georgeanne,Awton,gawtonb6@telegraph.co.uk,Genderfluid,71.233.107.224
404,Sandi,Hakonsson,shakonssonb7@constantcontact.com,Polygender,101.227.113.30
405,Emilio,Nottram,enottramb8@sohu.com,Male,53.95.79.208
406,Ileane,Cleaveland,icleavelandb9@shareasale.com,Female,218.168.144.62
407,Richardo,Brotherheed,rbrotherheedba@scientificamerican.com,Male,207.254.114.243
408,Karlotte,Bywater,kbywaterbb@phoca.cz,Female,13.140.165.167
409,Ruth,Petrusch,rpetruschbc@ebay.co.uk,Female,199.59.229.94
410,Alleen,Bedder,abedderbd@about.com,Non-binary,56.11.152.156
411,Wylie,Feilden,wfeildenbe@issuu.com,Male,93.107.152.218
412,Evie,Ivens,eivensbf@statcounter.com,Female,2.121.222.89
413,Nicoline,Tomley,ntomleybg@oracle.com,Female,253.186.47.67
414,Glori,Tym,gtymbh@dyndns.org,Female,111.118.214.211
415,Maurise,Okker,mokkerbi@yahoo.co.jp,Female,81.245.74.106
416,Meir,Solesbury,msolesburybj@scientificamerican.com,Male,232.104.204.169
417,Millard,Tenwick,mtenwickbk@craigslist.org,Male,20.127.122.125
418,Carling,Gervaise,cgervaisebl@sciencedirect.com,Male,17.135.82.122
419,Cece,Verna,cvernabm@storify.com,Male,137.167.195.80
420,Merell,Eilhermann,meilhermannbn@si.edu,Agender,239.55.201.63
421,Elsey,Van der Baaren,evanderbaarenbo@businesswire.com,Female,20.36.100.7
422,Yvor,Minto,ymintobp@wisc.edu,Male,223.142.236.89
423,Babs,Parman,bparmanbq@usda.gov,Agender,255.85.247.67
424,Danny,Golton,dgoltonbr@shop-pro.jp,Female,11.53.123.36
425,Hedwiga,Betham,hbethambs@irs.gov,Agender,10.88.13.120
426,Patton,Burton,pburtonbt@live.com,Male,233.63.127.170
427,Rennie,Grisewood,rgrisewoodbu@edublogs.org,Female,184.150.143.26
428,Lolly,Aleshkov,laleshkovbv@blog.com,Female,124.221.211.155
429,Benedikta,Joron,bjoronbw@phoca.cz,Agender,107.64.191.174
430,Angelina,Aizik,aaizikbx@rakuten.co.jp,Female,33.55.171.84
431,Armando,Bendle,abendleby@alibaba.com,Male,43.14.191.243
432,Wyatan,Warke,wwarkebz@twitter.com,Male,100.218.129.39
433,Konstantine,Halls,khallsc0@prnewswire.com,Male,87.38.12.154
434,Faunie,Sclanders,fsclandersc1@answers.com,Female,231.249.86.157
435,Kari,Babcock,kbabcockc2@nba.com,Female,40.223.110.156
436,Dulcie,Dalgarnowch,ddalgarnowchc3@jugem.jp,Female,8.67.224.119
437,Neall,Giffin,ngiffinc4@salon.com,Male,237.178.50.193
438,Amelia,Bottell,abottellc5@nyu.edu,Female,190.93.75.34
439,Jilli,Schubuser,jschubuserc6@ted.com,Female,213.79.209.187
440,Virgil,Mc Gorley,vmcgorleyc7@shinystat.com,Male,73.160.127.121
441,Emanuel,Togher,etogherc8@patch.com,Male,51.39.107.169
442,Cayla,Kyllford,ckyllfordc9@devhub.com,Female,97.51.236.69
443,Cristen,Saich,csaichca@house.gov,Non-binary,183.27.122.95
444,Vin,Leadbeatter,vleadbeattercb@yandex.ru,Genderfluid,223.231.228.60
445,Hersch,Palfery,hpalferycc@usa.gov,Male,237.2.99.99
446,Rolf,Gallichiccio,rgallichicciocd@ocn.ne.jp,Male,172.144.223.63
447,Sallie,Povah,spovahce@macromedia.com,Polygender,137.76.4.18
448,Leonelle,Sevier,lseviercf@simplemachines.org,Female,230.66.93.42
449,Maximilian,Stroder,mstrodercg@msn.com,Male,119.198.92.226
450,Caroline,Julyan,cjulyanch@craigslist.org,Female,28.133.67.205
451,Avis,Grason,agrasonci@jigsy.com,Female,173.169.98.192
452,Jere,Braybrookes,jbraybrookescj@google.com.br,Female,5.126.92.134
453,Keary,Niven,knivenck@google.pl,Male,102.187.55.119
454,Kenn,Bailes,kbailescl@seesaa.net,Male,171.208.174.226
455,Randal,Mateev,rmateevcm@msn.com,Male,128.246.246.10
456,Nicholas,Madelin,nmadelincn@wp.com,Male,116.213.120.163
457,Rufe,Izhaky,rizhakyco@fema.gov,Male,65.47.198.210
458,Cody,Naulty,cnaultycp@joomla.org,Male,227.188.67.177
459,Mallissa,Audritt,maudrittcq@cmu.edu,Female,145.163.147.43
460,Wanda,Ockleshaw,wockleshawcr@hostgator.com,Genderfluid,230.186.124.167
461,Nataniel,Halbert,nhalbertcs@mlb.com,Male,253.237.228.172
462,Gillie,Taig,gtaigct@artisteer.com,Female,187.56.216.25
463,Francesco,Tedridge,ftedridgecu@g.co,Male,198.205.153.93
464,Cass,Labrom,clabromcv@sogou.com,Male,203.181.25.74
465,Tildi,Sutheran,tsutherancw@smh.com.au,Female,53.168.180.126
466,Georas,Barkshire,gbarkshirecx@hostgator.com,Male,235.137.234.125
467,Maye,Hitzmann,mhitzmanncy@icio.us,Female,12.136.228.79
468,Gillan,Sarfass,gsarfasscz@meetup.com,Female,233.252.190.56
469,Beverlie,Willicott,bwillicottd0@ihg.com,Non-binary,178.208.132.89
470,Lisbeth,Gabel,lgabeld1@constantcontact.com,Female,239.218.159.227
471,Ronny,Lindenbaum,rlindenbaumd2@cam.ac.uk,Male,240.23.10.5
472,Cayla,Ivatt,civattd3@apache.org,Female,197.229.148.102
473,Tomlin,Reynoldson,treynoldsond4@multiply.com,Male,126.7.201.9
474,Nathanil,Flaxon,nflaxond5@sbwire.com,Male,194.105.14.18
475,Mic,Dike,mdiked6@salon.com,Male,220.106.55.65
476,Janith,Forgie,jforgied7@prnewswire.com,Female,114.127.236.153
477,Susy,Donnan,sdonnand8@shop-pro.jp,Female,64.222.111.109
478,Wallace,Lermouth,wlermouthd9@blog.com,Male,204.28.30.121
479,Clem,Piers,cpiersda@addtoany.com,Male,30.79.154.48
480,Darrel,MacWilliam,dmacwilliamdb@intel.com,Male,184.128.219.27
481,Quinlan,Poyle,qpoyledc@guardian.co.uk,Bigender,201.67.142.180
482,Thedric,Willimott,twillimottdd@sciencedaily.com,Male,225.178.202.152
483,Osbert,Garrow,ogarrowde@usgs.gov,Male,121.117.223.231
484,Seamus,Brenton,sbrentondf@auda.org.au,Male,125.162.37.74
485,Ludvig,Narracott,lnarracottdg@123-reg.co.uk,Male,65.116.99.108
486,Karena,Rudolf,krudolfdh@go.com,Female,181.221.78.238
487,Logan,Crowcroft,lcrowcroftdi@cdc.gov,Genderqueer,152.37.25.62
488,Carol-jean,Drinkhill,cdrinkhilldj@mail.ru,Polygender,240.132.157.203
489,Den,Dahlborg,ddahlborgdk@youtube.com,Male,152.14.175.107
490,Jill,Drache,jdrachedl@networksolutions.com,Female,241.179.177.182
491,Pauli,Meeny,pmeenydm@usa.gov,Female,64.207.75.201
492,Eada,Smallpeice,esmallpeicedn@goodreads.com,Female,189.216.134.15
493,Leopold,Amy,lamydo@indiegogo.com,Male,147.189.120.193
494,Devonna,De Freyne,ddefreynedp@newyorker.com,Female,212.222.116.37
495,Helen-elizabeth,Purseglove,hpurseglovedq@behance.net,Polygender,100.251.250.192
496,Georgy,Sesser,gsesserdr@yale.edu,Male,240.40.98.126
497,Glenn,Neeves,gneevesds@nifty.com,Male,123.51.24.170
498,Ashley,Frunks,afrunksdt@hao123.com,Female,250.139.67.71
499,Winni,Magrannell,wmagrannelldu@sogou.com,Genderqueer,154.7.133.157
500,Penelope,Pointing,ppointingdv@gnu.org,Bigender,166.158.74.105
501,Jedd,Leavy,jleavydw@theguardian.com,Male,232.104.228.133
502,Berkie,Dugmore,bdugmoredx@surveymonkey.com,Male,59.194.135.9
503,Raf,Sollitt,rsollittdy@go.com,Female,229.72.235.141
504,Ellwood,Salmond,esalmonddz@infoseek.co.jp,Male,29.252.24.84
505,Rica,Jervois,rjervoise0@paginegialle.it,Female,166.154.26.195
506,Nealon,Lavigne,nlavignee1@ucoz.com,Male,22.111.36.86
507,Tracie,Richford,trichforde2@huffingtonpost.com,Male,136.246.13.133
508,Idell,Stoppe,istoppee3@cnet.com,Female,57.32.169.157
509,Joshia,Raittie,jraittiee4@home.pl,Polygender,244.19.30.47
510,Karalynn,Guiver,kguivere5@cnet.com,Female,43.134.101.41
511,Yancy,Lyness,ylynesse6@webmd.com,Male,72.80.200.195
512,Moore,Frid,mfride7@xing.com,Male,22.97.184.49
513,West,Tabbernor,wtabbernore8@zdnet.com,Bigender,176.27.225.18
514,Boone,Lucia,bluciae9@nsw.gov.au,Male,133.62.172.182
515,Kellen,Kingswood,kkingswoodea@pagesperso-orange.fr,Female,147.87.138.219
516,Lorrie,Rathborne,lrathborneeb@ning.com,Female,142.93.22.241
517,Irina,Cestard,icestardec@nytimes.com,Female,5.103.142.11
518,Ky,Wooffitt,kwooffitted@dailymail.co.uk,Male,201.66.205.97
519,Luca,Spini,lspiniee@360.cn,Male,65.190.184.225
520,Cart,Vinker,cvinkeref@dedecms.com,Male,9.186.84.146
521,Maurizio,Leap,mleapeg@indiegogo.com,Male,226.234.185.212
522,Carmel,Orrow,corroweh@phoca.cz,Female,68.165.255.187
523,Jon,Lumbley,jlumbleyei@patch.com,Male,210.134.135.100
524,Stanislaw,Heijnen,sheijnenej@github.io,Male,133.210.11.164
525,Vinny,Abells,vabellsek@feedburner.com,Male,140.98.217.35
526,Sheila-kathryn,Verney,sverneyel@nsw.gov.au,Female,213.212.157.60
527,Lavena,Choldcroft,lcholdcroftem@techcrunch.com,Female,157.192.151.218
528,Pammie,Prigg,ppriggen@fotki.com,Female,153.4.140.29
529,Denney,Cuff,dcuffeo@oaic.gov.au,Male,218.64.128.227
530,Nara,Rieflin,nrieflinep@1und1.de,Female,143.242.161.133
531,Maison,Kerridge,mkerridgeeq@ted.com,Male,67.46.182.103
532,Beatrix,Youster,byousterer@europa.eu,Female,183.8.136.214
533,Shanan,Leborgne,sleborgnees@artisteer.com,Male,76.162.87.37
534,Hollyanne,McKelvie,hmckelvieet@devhub.com,Female,123.237.63.178
535,Marrissa,Jennens,mjennenseu@barnesandnoble.com,Female,215.107.235.189
536,Cornall,MacAless,cmacalessev@mit.edu,Male,1.51.248.160
537,Ashlee,Sim,asimew@amazon.com,Female,244.69.154.187
538,Brooke,Sandells,bsandellsex@google.de,Male,115.64.150.97
539,Emile,Huortic,ehuorticey@dailymail.co.uk,Male,164.169.138.121
540,Deborah,Richings,drichingsez@harvard.edu,Female,115.127.131.155
541,Clari,Doumerc,cdoumercf0@slate.com,Female,106.42.115.9
542,Lavina,Bierton,lbiertonf1@instagram.com,Female,136.103.102.199
543,Wye,Dudeney,wdudeneyf2@nbcnews.com,Male,226.121.171.93
544,Lyon,Cookson,lcooksonf3@scribd.com,Male,171.60.64.114
545,Brianna,Brouncker,bbrounckerf4@facebook.com,Female,38.204.61.161
546,Elbertine,Thrush,ethrushf5@japanpost.jp,Female,172.129.127.110
547,Jarad,Moores,jmooresf6@house.gov,Male,75.218.35.82
548,Leona,Hubbold,lhubboldf7@illinois.edu,Female,0.198.196.91
549,Gerrard,Lavallin,glavallinf8@pen.io,Male,134.30.78.132
550,Adamo,Dubique,adubiquef9@addtoany.com,Male,75.224.211.98
551,Cortie,Cadney,ccadneyfa@sakura.ne.jp,Male,210.130.176.206
552,Uri,McCuaig,umccuaigfb@goodreads.com,Non-binary,59.35.181.187
553,Perceval,Pickthorn,ppickthornfc@google.fr,Male,145.201.47.80
554,Alexandros,Arnli,aarnlifd@acquirethisname.com,Male,46.105.47.27
555,Garik,Boodle,gboodlefe@ftc.gov,Male,15.66.187.206
556,Kath,Tibbotts,ktibbottsff@europa.eu,Non-binary,118.214.55.65
557,Raeann,Avramovich,ravramovichfg@blogger.com,Female,138.88.21.237
558,Janaya,Bigmore,jbigmorefh@tuttocitta.it,Female,24.236.220.55
559,Regen,Dimnage,rdimnagefi@cargocollective.com,Male,206.96.244.85
560,Retha,Odney,rodneyfj@webs.com,Female,129.63.72.36
561,Heidie,Deverall,hdeverallfk@who.int,Female,191.226.242.92
562,Francyne,Meggison,fmeggisonfl@yolasite.com,Female,163.134.143.82
563,Amerigo,Blackford,ablackfordfm@msn.com,Male,69.174.54.198
564,Ebenezer,Gorke,egorkefn@ask.com,Male,203.74.76.15
565,Cherice,Bamford,cbamfordfo@newsvine.com,Female,156.77.103.219
566,Augustine,Wholesworth,awholesworthfp@army.mil,Female,147.242.224.142
567,Vyky,Kleen,vkleenfq@miibeian.gov.cn,Female,159.161.159.35
568,Vickie,Langabeer,vlangabeerfr@chronoengine.com,Female,114.173.211.8
569,Brion,Grinaway,bgrinawayfs@mac.com,Male,212.175.106.140
570,Gabi,Brawn,gbrawnft@blogger.com,Female,24.241.96.11
571,Adan,Ramlot,aramlotfu@weebly.com,Bigender,171.55.10.248
572,Dela,Porteous,dporteousfv@wisc.edu,Female,137.157.86.50
573,Mozelle,Leneve,mlenevefw@utexas.edu,Polygender,185.50.100.169
574,Melita,Jedrychowski,mjedrychowskifx@dmoz.org,Female,107.11.83.149
575,Drucill,Tammadge,dtammadgefy@addthis.com,Female,186.40.196.16
576,Susannah,Borres,sborresfz@etsy.com,Female,190.136.229.152
577,Vick,De la Yglesias,vdelayglesiasg0@eepurl.com,Male,81.17.143.105
578,Sidnee,Reicherz,sreicherzg1@phpbb.com,Male,174.194.159.57
579,Dru,Wince,dwinceg2@stumbleupon.com,Female,113.149.45.250
580,Gael,Roizn,groizng3@addthis.com,Female,173.67.28.62
581,Ramona,Eadmeades,readmeadesg4@slashdot.org,Female,247.7.220.111
582,Jayme,Belleny,jbellenyg5@last.fm,Male,175.129.105.18
583,Aymer,Kunze,akunzeg6@typepad.com,Male,200.244.105.144
584,Willem,De Leek,wdeleekg7@odnoklassniki.ru,Male,8.92.51.226
585,Joly,Elvy,jelvyg8@lulu.com,Female,162.169.218.15
586,Alley,Kilbride,akilbrideg9@tripadvisor.com,Male,79.159.114.203
587,Ab,Reace,areacega@myspace.com,Male,180.11.101.173
588,Kania,Oake,koakegb@nymag.com,Female,144.31.87.75
589,Harley,Packe,hpackegc@cocolog-nifty.com,Male,84.214.220.28
590,Mei,Cleiment,mcleimentgd@irs.gov,Female,73.226.21.49
591,Chryste,Jenckes,cjenckesge@hud.gov,Female,21.182.149.38
592,Renaud,Bouzan,rbouzangf@pinterest.com,Genderfluid,192.227.198.62
593,Lizette,Hickford,lhickfordgg@ifeng.com,Genderfluid,72.77.86.133
594,Patsy,Itzchaki,pitzchakigh@cpanel.net,Male,106.93.141.14
595,Aaron,Holdey,aholdeygi@bloglovin.com,Male,225.174.197.102
596,Cchaddie,Postan,cpostangj@amazon.co.jp,Male,32.101.1.48
597,Lelah,Lowthian,llowthiangk@shinystat.com,Female,98.102.129.193
598,Madelyn,Gallemore,mgallemoregl@java.com,Female,72.114.29.228
599,Onfre,Lascelles,olascellesgm@dailymotion.com,Male,187.64.215.203
600,Allayne,Verrick,averrickgn@google.com,Male,182.244.221.186
601,Katrine,Kelloch,kkellochgo@latimes.com,Female,225.87.87.171
602,Marline,Grishukhin,mgrishukhingp@bandcamp.com,Female,197.240.98.200
603,Eddie,Wilce,ewilcegq@dot.gov,Male,173.237.92.184
604,Woodie,Chiverton,wchivertongr@cornell.edu,Male,8.89.192.13
605,Angelika,Kirman,akirmangs@nature.com,Female,63.37.155.41
606,Shauna,Give,sgivegt@nba.com,Female,179.71.246.15
607,Ailee,Exrol,aexrolgu@lulu.com,Female,170.32.172.213
608,Mahmud,Wardel,mwardelgv@smh.com.au,Male,112.255.1.250
609,Douglass,Beardshaw,dbeardshawgw@desdev.cn,Male,208.49.53.199
610,Kalila,Hamlett,khamlettgx@hugedomains.com,Female,9.130.108.143
611,Hope,Oylett,hoylettgy@yelp.com,Non-binary,202.46.175.25
612,Harmonie,Brookhouse,hbrookhousegz@vimeo.com,Female,119.187.59.158
613,Mayne,Yakutin,myakutinh0@hhs.gov,Male,200.194.35.42
614,Bernette,Knewstub,bknewstubh1@github.io,Female,52.42.16.220
615,Noel,Burchall,nburchallh2@dell.com,Male,186.146.64.82
616,Brigid,Dighton,bdightonh3@furl.net,Female,0.83.220.137
617,Damita,Beminster,dbeminsterh4@walmart.com,Female,156.78.107.69
618,Cornie,Vickerman,cvickermanh5@over-blog.com,Female,241.219.191.245
619,Andres,Melrose,amelroseh6@friendfeed.com,Male,72.57.127.159
620,Hebert,Cleminson,hcleminsonh7@wisc.edu,Male,116.98.203.245
621,Mirabelle,Cargo,mcargoh8@theguardian.com,Female,14.199.226.56
622,Taylor,Monget,tmongeth9@wikia.com,Male,212.83.71.27
623,Georg,Stanex,gstanexha@meetup.com,Male,180.92.136.165
624,Alvan,Abells,aabellshb@usa.gov,Male,240.160.9.182
625,Vernor,Lightollers,vlightollershc@independent.co.uk,Polygender,38.127.184.141
626,Melina,Labbey,mlabbeyhd@slate.com,Female,44.66.122.124
627,Lenna,Georges,lgeorgeshe@pinterest.com,Non-binary,57.61.86.180
628,Egon,Trassler,etrasslerhf@ifeng.com,Male,219.18.182.136
629,Ilyse,Thombleson,ithomblesonhg@nymag.com,Female,6.240.94.71
630,Marc,Ethelstone,methelstonehh@macromedia.com,Male,128.24.171.211
631,Lowrance,Rottcher,lrottcherhi@ameblo.jp,Male,136.193.214.234
632,Bing,Poytres,bpoytreshj@printfriendly.com,Male,113.222.124.142
633,Loralyn,Iveans,liveanshk@examiner.com,Female,57.249.73.213
634,Goober,McCoveney,gmccoveneyhl@tripadvisor.com,Male,253.125.33.34
635,Christabella,Coye,ccoyehm@google.com.hk,Female,20.196.152.166
636,Onfre,Kift,okifthn@cisco.com,Male,254.38.172.229
637,Muffin,Dolle,mdolleho@sina.com.cn,Female,60.67.2.199
638,Anatola,Bare,abarehp@360.cn,Bigender,13.181.87.27
639,Tamera,Scrane,tscranehq@devhub.com,Female,56.201.3.67
640,Boony,Parnaby,bparnabyhr@tripadvisor.com,Male,178.209.213.121
641,Welch,Doblin,wdoblinhs@goo.ne.jp,Male,75.227.46.248
642,Osbourn,Lease,oleaseht@twitpic.com,Male,236.144.51.145
643,Pegeen,Heningam,pheningamhu@ifeng.com,Female,22.197.66.204
644,Odo,Oats,ooatshv@printfriendly.com,Male,185.148.98.229
645,Aurelie,Cavil,acavilhw@wunderground.com,Female,219.165.251.195
646,Chickie,Wolfart,cwolfarthx@phoca.cz,Male,126.210.5.168
647,Sydney,Alsina,salsinahy@google.ru,Female,61.59.114.189
648,Barde,Eilles,beilleshz@goo.gl,Male,219.3.155.219
649,Clifford,Broxis,cbroxisi0@diigo.com,Male,16.231.224.204
650,Cloris,Eddolls,ceddollsi1@theatlantic.com,Female,15.233.149.229
651,Rodolphe,Kinsey,rkinseyi2@nyu.edu,Male,211.95.7.164
652,Fulton,O' Faherty,fofahertyi3@psu.edu,Male,167.24.242.47
653,Boycey,Markwick,bmarkwicki4@hexun.com,Male,159.249.228.121
654,Livvy,Shallo,lshalloi5@yandex.ru,Female,153.23.124.49
655,Abbye,Mairs,amairsi6@washington.edu,Female,180.181.12.4
656,Julianne,Ousley,jousleyi7@google.ca,Female,136.134.7.118
657,Elfie,Prozescky,eprozesckyi8@wikipedia.org,Female,12.190.159.248
658,Reece,Clover,rcloveri9@goo.ne.jp,Male,212.189.60.39
659,Hammad,Fellon,hfellonia@rambler.ru,Male,3.95.220.175
660,Gardener,Garfirth,ggarfirthib@dedecms.com,Male,145.70.31.95
661,Valerie,Wippermann,vwippermannic@businesswire.com,Agender,236.15.147.247
662,Dominica,Yewman,dyewmanid@miitbeian.gov.cn,Female,7.143.95.212
663,Reinold,Leaver,rleaverie@tripod.com,Male,138.4.92.31
664,Dosi,Eitter,deitterif@miibeian.gov.cn,Female,236.120.250.59
665,Emanuele,Ragate,eragateig@sogou.com,Male,156.89.26.178
666,Mohammed,Weyman,mweymanih@ning.com,Male,227.181.99.145
667,Johnette,Casserly,jcasserlyii@seattletimes.com,Female,31.192.194.230
668,Tomi,Stoile,tstoileij@dropbox.com,Female,4.242.133.168
669,Olivero,Stourton,ostourtonik@mapquest.com,Male,74.79.154.78
670,Lincoln,Bodycote,lbodycoteil@histats.com,Genderfluid,18.6.64.199
671,Griffin,Gerasch,ggeraschim@tumblr.com,Male,169.125.170.230
672,Rosene,Venning,rvenningin@imdb.com,Female,183.77.249.218
673,Maura,Sowden,msowdenio@ehow.com,Female,16.44.174.108
674,Randy,Pendlebury,rpendleburyip@studiopress.com,Male,137.235.66.89
675,Hernando,Stonman,hstonmaniq@flickr.com,Male,202.245.85.222
676,Park,Romney,promneyir@t.co,Male,246.191.157.106
677,Brett,Seal,bsealis@about.me,Genderqueer,146.226.57.17
678,Lolly,McIlory,lmciloryit@imdb.com,Female,133.134.146.248
679,Sander,Budd,sbuddiu@slashdot.org,Male,17.227.50.176
680,Madlen,Adao,madaoiv@statcounter.com,Female,36.82.145.59
681,Neysa,Henzley,nhenzleyiw@goo.gl,Female,18.3.21.249
682,Jeannine,Went,jwentix@ucoz.ru,Female,129.138.16.251
683,Chandler,Barthorpe,cbarthorpeiy@php.net,Agender,72.245.187.135
684,Si,Willwood,swillwoodiz@mayoclinic.com,Genderfluid,201.7.156.138
685,Bambi,Simpole,bsimpolej0@seesaa.net,Non-binary,145.154.78.174
686,Dolley,Alleyne,dalleynej1@unblog.fr,Female,211.61.142.107
687,Audi,Alfonsetti,aalfonsettij2@hatena.ne.jp,Female,241.89.98.142
688,Harv,Sundin,hsundinj3@paginegialle.it,Male,233.157.198.194
689,Allissa,MacPhee,amacpheej4@macromedia.com,Female,226.107.45.133
690,Mair,Dacca,mdaccaj5@baidu.com,Female,44.186.53.94
691,Mallissa,MacPherson,mmacphersonj6@npr.org,Female,8.17.202.13
692,Zilvia,Eary,zearyj7@theguardian.com,Female,60.161.94.93
693,Ossie,Airlie,oairliej8@soundcloud.com,Male,234.52.255.87
694,Betsy,Jandak,bjandakj9@symantec.com,Bigender,176.39.244.73
695,Sloane,Orable,sorableja@msu.edu,Male,118.243.251.189
696,Walker,Vasyunkin,wvasyunkinjb@istockphoto.com,Male,233.153.11.239
697,Shea,Houldin,shouldinjc@quantcast.com,Male,191.154.68.136
698,Cort,Cristofalo,ccristofalojd@theatlantic.com,Male,153.153.100.124
699,Rockey,Barritt,rbarrittje@cnet.com,Male,101.216.116.209
700,Dionisio,Cranshaw,dcranshawjf@boston.com,Bigender,82.55.218.18
701,Garrick,Fawdrie,gfawdriejg@trellian.com,Male,15.156.150.119
702,Cole,Topping,ctoppingjh@nasa.gov,Male,245.223.217.24
703,Archy,Disman,adismanji@addtoany.com,Male,8.135.7.207
704,Gaye,Cannam,gcannamjj@phoca.cz,Female,135.174.152.115
705,Roxana,Beere,rbeerejk@rediff.com,Female,46.198.56.148
706,Miquela,Slainey,mslaineyjl@slate.com,Polygender,173.39.181.220
707,Jaquith,Morsom,jmorsomjm@cmu.edu,Female,210.188.95.24
708,Rad,Glyde,rglydejn@vkontakte.ru,Male,145.118.135.5
709,Krishna,Chiene,kchienejo@amazon.com,Bigender,96.234.144.111
710,Harrietta,Bagnell,hbagnelljp@eventbrite.com,Female,18.114.159.90
711,Tripp,Rubin,trubinjq@nps.gov,Agender,87.121.236.30
712,Carly,Gillani,cgillanijr@noaa.gov,Male,78.150.111.193
713,Noble,Cahill,ncahilljs@opera.com,Male,160.191.82.129
714,Wildon,Kibby,wkibbyjt@github.com,Male,146.139.139.148
715,Marv,Richly,mrichlyju@myspace.com,Male,59.222.87.25
716,Padriac,Luther,plutherjv@netlog.com,Male,210.245.215.159
717,Pierson,Kisting,pkistingjw@symantec.com,Male,197.103.47.183
718,Monro,Landsman,mlandsmanjx@youtu.be,Male,94.115.235.66
719,Gusty,Luxon,gluxonjy@seesaa.net,Female,62.5.211.177
720,Franciskus,Cheine,fcheinejz@hc360.com,Male,221.252.225.161
721,Linda,Cardew,lcardewk0@weebly.com,Female,201.56.178.244
722,Quinton,Franca,qfrancak1@macromedia.com,Male,155.230.242.79
723,Derwin,Paulack,dpaulackk2@boston.com,Male,255.179.104.124
724,Sosanna,Shewan,sshewank3@elegantthemes.com,Female,150.224.126.45
725,Nathanael,Adamec,nadameck4@goo.ne.jp,Male,244.252.160.107
726,Rice,Chidler,rchidlerk5@home.pl,Male,145.189.180.52
727,Andrej,Demer,ademerk6@bloomberg.com,Male,44.77.68.149
728,Cally,Randerson,crandersonk7@paypal.com,Female,7.27.102.82
729,Griffin,Anderl,ganderlk8@paginegialle.it,Male,24.101.115.115
730,Padgett,Creegan,pcreegank9@eventbrite.com,Male,7.7.40.247
731,Smitty,Tett,stettka@weibo.com,Male,161.11.161.88
732,Peria,Aylmer,paylmerkb@marketwatch.com,Polygender,242.100.23.225
733,Cristen,Kynvin,ckynvinkc@arstechnica.com,Female,80.39.81.195
734,Lloyd,Kleewein,lkleeweinkd@boston.com,Male,239.65.255.180
735,Ingaborg,Allberry,iallberryke@wikipedia.org,Female,46.126.153.156
736,Cathryn,Stonnell,cstonnellkf@digg.com,Female,0.87.176.77
737,Cesya,Crippes,ccrippeskg@studiopress.com,Female,83.204.230.74
738,Zachary,Wheldon,zwheldonkh@behance.net,Male,165.10.223.186
739,Nissy,Lempke,nlempkeki@flavors.me,Female,20.7.169.222
740,Donia,Pailin,dpailinkj@reddit.com,Female,236.105.116.104
741,Susi,Jeratt,sjerattkk@miitbeian.gov.cn,Female,161.158.177.147
742,Maryjane,Lonsbrough,mlonsbroughkl@go.com,Female,220.113.9.120
743,Annabel,Leverton,alevertonkm@columbia.edu,Genderfluid,162.252.145.95
744,Kinna,Wordesworth,kwordesworthkn@reverbnation.com,Female,57.252.61.146
745,Ambrose,Ellen,aellenko@cafepress.com,Male,76.165.21.191
746,Petunia,Heppner,pheppnerkp@mozilla.org,Female,161.130.174.113
747,Karna,Malletratt,kmalletrattkq@arstechnica.com,Female,152.11.68.161
748,Randolph,Soames,rsoameskr@blogspot.com,Male,172.156.64.10
749,Emalee,Sommerville,esommervilleks@furl.net,Female,70.109.245.234
750,Maureen,Halladey,mhalladeykt@mashable.com,Female,190.233.148.192
751,Bevan,Raveau,braveauku@elpais.com,Male,76.146.37.218
752,Tiff,Hoyles,thoyleskv@oakley.com,Female,170.61.111.1
753,Graig,Mordy,gmordykw@smh.com.au,Male,73.191.92.132
754,Jessie,Flucker,jfluckerkx@bigcartel.com,Male,68.181.149.88
755,Hulda,Howland,hhowlandky@xing.com,Female,201.110.163.138
756,Martie,Bucham,mbuchamkz@admin.ch,Male,115.189.140.206
757,Normie,Broxton,nbroxtonl0@walmart.com,Male,246.223.245.252
758,Erika,Lainge,elaingel1@bandcamp.com,Female,26.4.14.218
759,Philipa,Bertome,pbertomel2@ebay.com,Female,68.111.102.254
760,Konstanze,Pala,kpalal3@yellowpages.com,Female,129.136.125.209
761,Gae,Vossgen,gvossgenl4@biglobe.ne.jp,Female,68.209.134.68
762,Ellie,Losseljong,elosseljongl5@businessinsider.com,Female,145.111.193.165
763,Abagael,MacAne,amacanel6@nps.gov,Female,176.244.127.133
764,Giffy,Fareweather,gfareweatherl7@merriam-webster.com,Male,57.95.92.82
765,Rhody,Teesdale,rteesdalel8@yahoo.com,Female,23.74.166.245
766,Tiphanie,Elsbury,telsburyl9@businessinsider.com,Female,44.207.209.27
767,Harp,Gritsaev,hgritsaevla@netlog.com,Male,250.153.199.93
768,Gloriana,Cloonan,gcloonanlb@hugedomains.com,Female,6.228.35.114
769,Alford,Orneblow,aorneblowlc@businessweek.com,Male,45.216.158.193
770,Harriot,Lympany,hlympanyld@thetimes.co.uk,Female,10.195.174.198
771,Ebony,Perham,eperhamle@rediff.com,Female,86.101.179.14
772,Emmye,Fintoph,efintophlf@oaic.gov.au,Female,246.109.104.41
773,Tobit,Bohje,tbohjelg@time.com,Male,163.155.215.16
774,Trent,Trivett,ttrivettlh@oaic.gov.au,Genderfluid,162.104.143.191
775,Denys,Witch,dwitchli@creativecommons.org,Male,238.119.74.54
776,Casey,Beaston,cbeastonlj@mlb.com,Female,107.178.140.200
777,Maxi,Pude,mpudelk@forbes.com,Female,76.48.22.70
778,Zebadiah,Spinks,zspinksll@aboutads.info,Male,187.117.0.90
779,Sidonia,McVity,smcvitylm@weather.com,Female,139.120.146.220
780,Elliott,Dzenisenka,edzenisenkaln@dot.gov,Male,38.249.187.143
781,Kevin,Bartlomieczak,kbartlomieczaklo@techcrunch.com,Male,61.254.37.12
782,Judas,Locker,jlockerlp@seesaa.net,Male,51.251.96.114
783,Vincenz,Ledrun,vledrunlq@msu.edu,Male,96.145.2.158
784,Cort,Skeech,cskeechlr@fda.gov,Male,117.6.250.165
785,Titus,Dunmore,tdunmorels@a8.net,Male,184.5.250.172
786,Haskell,Stellino,hstellinolt@apache.org,Male,95.64.216.40
787,Eudora,Candish,ecandishlu@usnews.com,Genderfluid,93.119.206.10
788,Humbert,Galloway,hgallowaylv@nps.gov,Polygender,247.60.32.217
789,Cheston,Maddrell,cmaddrelllw@ehow.com,Male,190.86.24.13
790,Ikey,Jex,ijexlx@google.com.au,Male,253.36.214.16
791,Warren,Graysmark,wgraysmarkly@google.ca,Male,18.87.102.200
792,Stacy,Callar,scallarlz@google.ru,Bigender,141.71.244.15
793,Morey,Lowdyane,mlowdyanem0@army.mil,Male,174.151.46.189
794,Addy,Siemianowicz,asiemianowiczm1@dailymotion.com,Male,190.1.186.126
795,Darsey,German,dgermanm2@bravesites.com,Female,41.148.233.82
796,Kristan,Yven,kyvenm3@noaa.gov,Female,167.127.194.110
797,Anya,Chatteris,achatterism4@vimeo.com,Female,224.46.99.6
798,Marion,Caldera,mcalderam5@yolasite.com,Male,230.143.61.197
799,Celesta,Fairholm,cfairholmm6@bravesites.com,Female,74.64.247.124
800,Montgomery,Lilion,mlilionm7@google.com.hk,Male,80.61.105.229
801,Celine,Pellamont,cpellamontm8@instagram.com,Genderfluid,94.66.156.238
802,Shannan,Knottley,sknottleym9@ucla.edu,Male,15.143.191.154
803,Tim,Bastick,tbastickma@npr.org,Female,51.55.166.16
804,Glen,Stanwix,gstanwixmb@bing.com,Female,149.52.159.43
805,Stan,Dunphy,sdunphymc@digg.com,Male,158.30.153.41
806,Emelita,Atwood,eatwoodmd@istockphoto.com,Polygender,40.107.18.231
807,Steven,Balle,sballeme@cnn.com,Male,202.146.188.131
808,Alejandra,Camies,acamiesmf@vistaprint.com,Female,232.232.106.254
809,Joan,Dangerfield,jdangerfieldmg@mysql.com,Female,6.97.48.95
810,Beryle,Hurran,bhurranmh@hatena.ne.jp,Female,236.143.202.18
811,Fawne,Hunter,fhuntermi@trellian.com,Female,100.29.163.251
812,Angil,Sowerby,asowerbymj@nature.com,Female,172.92.70.158
813,Aurelie,Greenough,agreenoughmk@google.com,Female,115.123.175.15
814,Coral,Lanning,clanningml@free.fr,Female,32.151.26.15
815,Clementine,Thicking,cthickingmm@wired.com,Female,106.59.166.220
816,Mace,Rebichon,mrebichonmn@biblegateway.com,Male,116.145.37.244
817,Cece,Gorry,cgorrymo@chronoengine.com,Male,248.64.178.48
818,Jaimie,Eberle,jeberlemp@bloglines.com,Female,99.75.137.38
819,Bonnibelle,Tavener,btavenermq@lulu.com,Female,187.254.57.174
820,Gwynne,Massen,gmassenmr@fastcompany.com,Female,166.210.83.229
821,Norry,Lyddiatt,nlyddiattms@aboutads.info,Bigender,248.138.99.34
822,Jolyn,Eberle,jeberlemt@163.com,Female,53.48.104.77
823,Olia,O' Liddy,ooliddymu@eepurl.com,Female,208.47.61.95
824,Wells,Hassall,whassallmv@is.gd,Male,142.70.151.216
825,Rowan,Kynson,rkynsonmw@ask.com,Male,5.86.103.37
826,Carlynne,Beahan,cbeahanmx@purevolume.com,Female,242.64.164.189
827,Annamarie,Tondeur,atondeurmy@nifty.com,Female,246.189.9.127
828,Gerrie,Dedman,gdedmanmz@adobe.com,Male,163.53.142.52
829,Emmit,Troughton,etroughtonn0@nature.com,Male,189.123.50.210
830,Isak,MacGowan,imacgowann1@yale.edu,Male,198.205.226.230
831,Gar,Le Port,gleportn2@example.com,Male,184.18.126.213
832,Melodie,Skellen,mskellenn3@tamu.edu,Female,114.142.245.8
833,Winnie,Boden,wbodenn4@hud.gov,Male,244.42.255.33
834,Tonia,Preist,tpreistn5@walmart.com,Non-binary,99.235.19.10
835,Tanitansy,Bourgourd,tbourgourdn6@blogtalkradio.com,Female,14.211.97.70
836,Vinni,De Ruggiero,vderuggieron7@state.gov,Bigender,82.133.135.21
837,Wayland,Rapkins,wrapkinsn8@stumbleupon.com,Male,233.31.97.87
838,Matthus,Upward,mupwardn9@cbc.ca,Male,12.222.227.164
839,Karlens,Kupka,kkupkana@people.com.cn,Male,191.127.73.148
840,Marcie,Kensitt,mkensittnb@rediff.com,Female,16.232.7.125
841,Yuma,Dawtry,ydawtrync@themeforest.net,Male,14.131.236.223
842,Fallon,Matijasevic,fmatijasevicnd@seattletimes.com,Female,132.72.170.172
843,Sofie,Ireson,siresonne@reference.com,Polygender,28.156.229.1
844,Lorie,Josselson,ljosselsonnf@gravatar.com,Female,34.79.48.85
845,Eydie,Glaisner,eglaisnerng@bluehost.com,Bigender,127.157.93.149
846,Ruperto,Sikorski,rsikorskinh@berkeley.edu,Male,201.66.231.163
847,Tammy,Teggin,ttegginni@washingtonpost.com,Female,163.23.17.190
848,Domenic,Orgel,dorgelnj@whitehouse.gov,Male,10.242.12.232
849,Berrie,Cabane,bcabanenk@cisco.com,Female,188.152.40.29
850,Nesta,Korneluk,nkorneluknl@w3.org,Agender,44.223.222.206
851,Leilah,Lillywhite,llillywhitenm@xing.com,Female,147.10.19.209
852,Luke,MacMorland,lmacmorlandnn@cbslocal.com,Genderfluid,92.247.249.120
853,Emlyn,Boagey,eboageyno@youtube.com,Male,253.245.185.105
854,Timmie,Soldan,tsoldannp@clickbank.net,Female,110.184.60.91
855,Maxy,Murphey,mmurpheynq@mit.edu,Male,229.54.182.48
856,Rheta,Reeve,rreevenr@mozilla.com,Female,58.88.24.181
857,Merrili,Kitto,mkittons@google.com.hk,Female,32.91.164.159
858,Pris,Wreight,pwreightnt@scribd.com,Female,186.156.214.113
859,Hoyt,Yoslowitz,hyoslowitznu@businessweek.com,Male,134.98.8.159
860,North,Bartalot,nbartalotnv@hubpages.com,Male,218.205.210.147
861,Griffith,Borgnet,gborgnetnw@jugem.jp,Male,255.190.186.119
862,Clementia,Millery,cmillerynx@topsy.com,Female,160.172.27.144
863,Emanuel,Cuniffe,ecuniffeny@bravesites.com,Male,110.116.167.120
864,Nathanial,Bills,nbillsnz@addthis.com,Male,197.128.179.194
865,Isaiah,De Marchi,idemarchio0@si.edu,Male,64.219.62.32
866,Sadella,Mossbee,smossbeeo1@squidoo.com,Female,145.193.64.72
867,Prisca,Arlow,parlowo2@geocities.com,Genderqueer,245.206.42.30
868,Phebe,Melton,pmeltono3@yale.edu,Female,96.238.235.60
869,Almeta,Schole,ascholeo4@barnesandnoble.com,Female,16.197.90.122
870,Gilberto,Logesdale,glogesdaleo5@pbs.org,Male,14.199.233.38
871,Anny,Killcross,akillcrosso6@eventbrite.com,Female,196.145.169.207
872,Ennis,Lincke,elinckeo7@vkontakte.ru,Male,120.94.96.54
873,Bernard,Bricklebank,bbricklebanko8@google.fr,Male,231.124.4.192
874,Ricky,Dewire,rdewireo9@multiply.com,Female,161.224.44.250
875,Boyd,Jeffs,bjeffsoa@guardian.co.uk,Male,130.41.173.185
876,Deborah,Hollingshead,dhollingsheadob@slideshare.net,Female,204.45.114.111
877,Maybelle,Aylmer,maylmeroc@prweb.com,Female,207.56.203.128
878,Elena,Makeswell,emakeswellod@hao123.com,Female,26.100.204.248
879,Norton,Begg,nbeggoe@cyberchimps.com,Male,72.114.111.229
880,Ernestus,Romeo,eromeoof@ow.ly,Male,249.252.229.154
881,Levy,Tams,ltamsog@columbia.edu,Male,17.172.203.182
882,Lee,Bracknall,lbracknalloh@gov.uk,Male,179.92.89.138
883,Mattie,Gelsthorpe,mgelsthorpeoi@wsj.com,Female,214.52.209.77
884,Hurley,Booth,hboothoj@aol.com,Male,61.239.233.238
885,Nealson,Sidery,nsideryok@washington.edu,Male,203.198.116.115
886,Lianna,Bittlestone,lbittlestoneol@columbia.edu,Female,139.204.116.158
887,Phillie,Danielsky,pdanielskyom@aboutads.info,Female,130.212.230.124
888,Ewell,Mabley,emableyon@dmoz.org,Genderqueer,141.5.194.104
889,Irwin,Boow,iboowoo@eventbrite.com,Male,27.160.205.133
890,Germain,Bugler,gbuglerop@google.de,Female,125.191.102.168
891,Gussi,Theis,gtheisoq@yale.edu,Female,108.159.182.170
892,Augy,Passingham,apassinghamor@slideshare.net,Male,29.26.12.50
893,Hatti,Mantrup,hmantrupos@twitter.com,Female,125.217.171.242
894,Jamill,Perse,jperseot@dailymotion.com,Male,145.136.173.192
895,Horst,Williams,hwilliamsou@51.la,Male,232.222.103.83
896,Jannel,Dusey,jduseyov@wordpress.org,Female,216.112.47.224
897,Orelee,Wainscoat,owainscoatow@smh.com.au,Female,241.230.254.114
898,Nico,Kiddy,nkiddyox@umich.edu,Male,184.235.148.244
899,Henrik,Palia,hpaliaoy@instagram.com,Male,92.16.146.98
900,Yule,Gomm,ygommoz@newyorker.com,Male,229.238.88.170
901,Kattie,Laing,klaingp0@nifty.com,Female,30.181.63.90
902,Allyn,Lampens,alampensp1@hugedomains.com,Male,219.185.22.17
903,Rosalinda,Pedlow,rpedlowp2@cnn.com,Female,180.208.129.202
904,Karl,Udey,kudeyp3@blogspot.com,Male,49.31.112.43
905,Terrel,Reckless,trecklessp4@webeden.co.uk,Male,162.81.90.248
906,Brand,Luto,blutop5@prlog.org,Male,218.123.134.158
907,Ilyssa,Cumine,icuminep6@nymag.com,Female,32.187.102.28
908,Adelaide,Cleave,acleavep7@is.gd,Female,131.37.41.133
909,Nana,Baughen,nbaughenp8@house.gov,Genderqueer,130.163.250.10
910,Nana,Fright,nfrightp9@arizona.edu,Female,254.141.27.73
911,Fran,Carnegy,fcarnegypa@netvibes.com,Male,102.170.162.223
912,Lenette,Lauritzen,llauritzenpb@sakura.ne.jp,Female,208.145.166.233
913,Jeannine,Bridgen,jbridgenpc@digg.com,Female,150.173.251.228
914,Lydon,McComiskey,lmccomiskeypd@google.pl,Male,55.85.182.169
915,Bar,Wanell,bwanellpe@buzzfeed.com,Male,14.232.207.2
916,Abram,Buxton,abuxtonpf@sphinn.com,Male,159.166.177.222
917,Kissiah,Fegan,kfeganpg@google.pl,Female,124.42.79.204
918,Derick,Simonetto,dsimonettoph@domainmarket.com,Male,96.108.241.82
919,Uriel,Luxford,uluxfordpi@gizmodo.com,Male,144.95.11.191
920,Tuckie,Velez,tvelezpj@networkadvertising.org,Male,71.96.187.132
921,Mandie,Swait,mswaitpk@mit.edu,Bigender,158.210.126.112
922,Devlen,Penella,dpenellapl@ted.com,Bigender,120.54.180.185
923,Katha,Jennins,kjenninspm@wired.com,Female,115.238.172.4
924,Gerrie,Cardenosa,gcardenosapn@vinaora.com,Female,57.116.179.227
925,Douglass,Royden,droydenpo@mayoclinic.com,Male,105.216.221.202
926,Biddy,Abrahami,babrahamipp@gravatar.com,Female,108.18.181.119
927,Joice,Gumley,jgumleypq@upenn.edu,Female,151.47.139.149
928,Kristopher,Pechell,kpechellpr@wunderground.com,Male,89.181.182.252
929,Findlay,Fargie,ffargieps@elegantthemes.com,Male,171.239.143.224
930,Amandy,Mullins,amullinspt@spotify.com,Female,111.247.74.85
931,Gayel,Varty,gvartypu@va.gov,Female,146.64.18.82
932,Blayne,Dwine,bdwinepv@jigsy.com,Male,237.241.88.38
933,Tiffany,Slowey,tsloweypw@ow.ly,Female,143.15.237.68
934,Genovera,Knowlman,gknowlmanpx@bluehost.com,Female,1.137.93.179
935,Nappie,Romme,nrommepy@hibu.com,Male,201.218.162.82
936,Corie,Ardron,cardronpz@bluehost.com,Female,152.35.130.185
937,Flynn,Olkowicz,folkowiczq0@scientificamerican.com,Male,134.225.204.54
938,Maighdiln,Kanter,mkanterq1@tamu.edu,Female,37.129.148.98
939,Tannie,Issac,tissacq2@umn.edu,Male,120.92.184.26
940,Rosa,Beveredge,rbeveredgeq3@cdc.gov,Female,208.72.219.110
941,Vikki,Scone,vsconeq4@amazon.co.uk,Female,87.58.243.1
942,Marje,Reckless,mrecklessq5@t.co,Female,196.47.198.118
943,Annice,Odhams,aodhamsq6@prlog.org,Female,110.111.234.134
944,Dwight,Brodhead,dbrodheadq7@jigsy.com,Male,115.37.9.22
945,Theadora,Raccio,traccioq8@pbs.org,Female,172.139.77.15
946,Bea,Clemensen,bclemensenq9@shutterfly.com,Female,91.29.234.173
947,Gauthier,Routley,groutleyqa@yahoo.com,Male,118.183.150.218
948,Keen,Prine,kprineqb@icio.us,Male,59.74.73.56
949,Elnore,Cansdell,ecansdellqc@marketwatch.com,Female,161.88.220.160
950,Konrad,Kopman,kkopmanqd@artisteer.com,Polygender,28.30.242.100
951,Cathyleen,Venable,cvenableqe@google.es,Female,236.15.185.91
952,Elicia,Galliford,egallifordqf@kickstarter.com,Female,215.17.72.228
953,Ted,Anfusso,tanfussoqg@auda.org.au,Male,204.132.164.103
954,Delaney,Aldwick,daldwickqh@npr.org,Male,224.0.138.243
955,Sarina,Rockcliffe,srockcliffeqi@xrea.com,Female,243.96.76.49
956,Bailie,Chidley,bchidleyqj@booking.com,Male,75.242.49.187
957,Genni,Ciric,gciricqk@seattletimes.com,Female,67.59.126.14
958,Mendy,Mattersley,mmattersleyql@omniture.com,Male,153.10.53.102
959,Muffin,Wilfling,mwilflingqm@businesswire.com,Female,85.254.185.40
960,Dennis,Blaszczak,dblaszczakqn@time.com,Male,148.121.78.81
961,Marlie,Ivashinnikov,mivashinnikovqo@independent.co.uk,Non-binary,103.173.33.146
962,Erl,Jerrim,ejerrimqp@toplist.cz,Male,146.4.157.46
963,Gaynor,Fidgeon,gfidgeonqq@moonfruit.com,Female,46.135.180.97
964,Allene,Shuttell,ashuttellqr@mysql.com,Female,91.103.111.218
965,Dorian,Gudgen,dgudgenqs@sciencedirect.com,Male,171.181.196.172
966,Heindrick,Uridge,huridgeqt@macromedia.com,Male,8.149.104.67
967,Reggi,Livingston,rlivingstonqu@simplemachines.org,Genderqueer,110.105.168.100
968,Brion,MacMenamie,bmacmenamieqv@cyberchimps.com,Male,114.183.143.147
969,Abigael,Beaze,abeazeqw@techcrunch.com,Female,190.168.165.245
970,Rennie,Cunningham,rcunninghamqx@exblog.jp,Female,78.118.170.198
971,Babette,Boone,bbooneqy@yellowpages.com,Female,67.132.126.49
972,Eli,Cassie,ecassieqz@comsenz.com,Male,95.76.0.134
973,Sue,Bemrose,sbemroser0@github.com,Female,192.226.9.231
974,Bette-ann,Commings,bcommingsr1@dell.com,Non-binary,3.132.210.128
975,Anallese,Phair,aphairr2@is.gd,Female,121.194.207.201
976,Adams,Bevar,abevarr3@blogtalkradio.com,Bigender,178.229.246.59
977,Halsey,Ravenshear,hravenshearr4@t.co,Male,246.103.248.54
978,Ophelie,Brumbye,obrumbyer5@google.cn,Female,226.20.236.116
979,Isabelita,Krug,ikrugr6@ibm.com,Female,253.50.227.181
980,Peter,Cartwright,pcartwrightr7@blogger.com,Male,0.213.57.106
981,Luke,Twelftree,ltwelftreer8@umn.edu,Bigender,234.249.12.165
982,Bastian,Burress,bburressr9@amazonaws.com,Male,211.209.125.141
983,Clotilda,Gauson,cgausonra@psu.edu,Polygender,169.130.40.169
984,Devy,Gallant,dgallantrb@mlb.com,Male,72.51.122.175
985,Kissiah,O'Skehan,koskehanrc@newsvine.com,Polygender,164.84.216.13
986,Nathan,Pirazzi,npirazzird@sphinn.com,Male,162.81.93.254
987,Willie,Kohrsen,wkohrsenre@dyndns.org,Male,233.100.54.128
988,Cyndi,Raggles,cragglesrf@google.com.br,Female,184.25.28.41
989,Dionis,Willacot,dwillacotrg@reddit.com,Female,87.33.234.23
990,Jenilee,Hayller,jhayllerrh@cafepress.com,Polygender,88.200.95.119
991,Susy,Becconsall,sbecconsallri@dmoz.org,Female,166.147.229.19
992,Carlen,Waring,cwaringrj@state.tx.us,Female,35.55.236.25
993,Louise,Arkell,larkellrk@usgs.gov,Genderqueer,90.208.43.187
994,Elspeth,Gosden,egosdenrl@clickbank.net,Non-binary,64.51.188.184
995,Meade,Hardeman,mhardemanrm@topsy.com,Female,150.69.81.222
996,Simonette,Weiner,sweinerrn@thetimes.co.uk,Female,79.228.219.15
997,Dita,Goodbur,dgoodburro@prlog.org,Female,233.235.178.2
998,Menard,Nalder,mnalderrp@histats.com,Male,253.203.150.109
999,Muffin,Alchin,malchinrq@huffingtonpost.com,Male,240.254.189.37
1000,Matt,Buntin,mbuntinrr@loc.gov,Male,57.19.82.44
